"variant","CHR","REF","ALT","COORDINATE","PVAL","UKB_dataset"
"7:152603230:T:C","7","C","T","152603230",2.43485e-09,"O46"
"7:152604776:A:G","7","G","A","152604776",4.64714e-09,"O46"
"7:152605622:A:G","7","G","A","152605622",6.28162e-09,"O46"
"7:152605672:G:A","7","A","G","152605672",4.48635e-09,"O46"
"7:152605750:T:C","7","C","T","152605750",6.34742e-09,"O46"
"7:152606030:T:G","7","G","T","152606030",5.92938e-09,"O46"
"7:152606612:C:T","7","T","C","152606612",5.54792e-09,"O46"
"7:152608046:G:A","7","A","G","152608046",7.48461e-08,"O46"
"7:152609188:C:T","7","T","C","152609188",6.90969e-09,"O46"
